Name,Description,Formula,Units,Expected_Range,Notes
Acceleration,External perimeter acceleration from slicer,User input,mm/s²,1000-20000,Higher acceleration = higher ERS needed
Line Width,Extrusion line width,User input,mm,0.2-1.0,Typically 100-150% of nozzle diameter
Layer Height,Layer height setting,User input,mm,0.1-0.4,Thicker layers = higher ERS needed
ERS Max,Maximum extrusion rate smoothing,"Acceleration × Line Width × Layer Height",mm³/s²,100-5000,Theoretical maximum ERS value
ERS 60%,Conservative ERS value (60% of max),"ERS Max × 0.6",mm³/s²,60-3000,Recommended starting point for testing
ERS 80%,Aggressive ERS value (80% of max),"ERS Max × 0.8",mm³/s²,80-4000,For printers with good flow consistency
Common Example 1,"Acceleration: 12000 mm/s² | Line Width: 0.6mm | Layer Height: 0.2mm → ERS Max = 12000 × 0.6 × 0.2 = 1440 | ERS 60% = 864 | ERS 80% = 1152"
Common Example 2,"Acceleration: 8000 mm/s² | Line Width: 0.4mm | Layer Height: 0.2mm → ERS Max = 8000 × 0.4 × 0.2 = 640 | ERS 60% = 384 | ERS 80% = 512"
Common Example 3,"Acceleration: 15000 mm/s² | Line Width: 0.8mm | Layer Height: 0.3mm → ERS Max = 15000 × 0.8 × 0.3 = 3600 | ERS 60% = 2160 | ERS 80% = 2880"
